{"_timestamp":1.745252264548822e+09,"epoch":4,"parameters/graph_1embedding.weight":{"values":[1,0,0,0,0,1,1,2,6,5,11,14,32,59,127,307,543,1098,2359,4517,9184,18293,35390,66676,121082,207522,333112,501597,701760,910444,1.094429e+06,1.21238e+06,1.242417e+06,1.170949e+06,1.021306e+06,822557,614326,427533,276807,167846,96263,53092,27889,14496,7404,3678,1864,879,466,232,110,58,35,15,12,6,1,2,2,1,1,0,0,1],"bins":[-10.119301795959473,-9.805907249450684,-9.492511749267578,-9.179117202758789,-8.86572265625,-8.552327156066895,-8.238932609558105,-7.925537586212158,-7.612142562866211,-7.298748016357422,-6.985352993011475,-6.671957969665527,-6.358563423156738,-6.045168399810791,-5.731773376464844,-5.418378829956055,-5.104983806610107,-4.79158878326416,-4.478194236755371,-4.164799213409424,-3.8514041900634766,-3.5380094051361084,-3.2246146202087402,-2.911219596862793,-2.597824811935425,-2.2844300270080566,-1.9710350036621094,-1.6576402187347412,-1.3442453145980835,-1.0308504104614258,-0.7174555659294128,-0.4040606915950775,-0.09066581726074219,0.22272905707359314,0.5361239314079285,0.8495187759399414,1.1629136800765991,1.4763085842132568,1.789703369140625,2.1030983924865723,2.4164931774139404,2.7298879623413086,3.043282985687256,3.356677770614624,3.670072555541992,3.9834675788879395,4.296862602233887,4.610257148742676,4.923652172088623,5.23704719543457,5.550441741943359,5.863836765289307,6.177231788635254,6.490626335144043,6.80402135848999,7.1174163818359375,7.430810928344727,7.744205951690674,8.057600975036621,8.37099552154541,8.684391021728516,8.997785568237305,9.311180114746094,9.6245756149292,9.937970161437988],"_type":"histogram"},"loss":0.16126941070631445,"gradients/transform.weight":{"_type":"histogram","values":[1,3,0,0,4,0,2,0,5,5,7,4,8,13,15,19,22,33,39,57,71,85,127,183,256,357,536,784,1446,2412,1226,668,431,330,204,163,116,80,53,62,38,34,22,17,13,15,5,5,4,4,4,2,4,2,1,1,0,0,0,1,0,0,0,1],"bins":[-0.009335383772850037,-0.009017586708068848,-0.008699790574610233,-0.008381993509829044,-0.008064196445047855,-0.007746399845927954,-0.007428602781146765,-0.007110806182026863,-0.006793009117245674,-0.0064752125181257725,-0.006157415919005871,-0.005839618854224682,-0.00552182225510478,-0.005204025190323591,-0.00488622859120369,-0.004568431526422501,-0.004250634927302599,-0.003932838328182697,-0.0036150412634015083,-0.003297244431450963,-0.0029794475995004177,-0.002661651000380516,-0.0023438541684299707,-0.0020260573364794254,-0.0017082605045288801,-0.0013904636725783348,-0.0010726668406277895,-0.000754870125092566,-0.0004370732931420207,-0.00011927649029530585,0.000198520312551409,0.0005163170862942934,0.0008341139182448387,0.001151910750195384,0.0014697075821459293,0.0017875042976811528,0.00210530124604702,0.0024230978451669216,0.002740894677117467,0.0030586915090680122,0.0033764883410185575,0.003694285172969103,0.0040120817720890045,0.0043298788368701935,0.004647675435990095,0.004965472500771284,0.005283269099891186,0.005601066164672375,0.005918862763792276,0.006236659362912178,0.006554456427693367,0.006872253026813269,0.007190050091594458,0.007507846690714359,0.007825643755495548,0.008143440820276737,0.008461236953735352,0.00877903401851654,0.00909683108329773,0.009414627216756344,0.009732424281537533,0.010050221346318722,0.01036801841109991,0.010685814544558525,0.011003611609339714]},"parameters/graph_1transform.weight":{"values":[1,0,0,3,0,1,0,6,4,6,9,15,21,17,38,34,54,73,86,132,163,171,270,300,392,458,519,554,527,725,650,629,647,589,519,476,421,342,254,217,155,138,112,82,51,40,23,29,10,10,9,3,7,2,1,1,0,0,2,0,1,0,0,1],"bins":[-1.5123882293701172,-1.463039517402649,-1.4136908054351807,-1.3643420934677124,-1.3149933815002441,-1.2656446695327759,-1.2162959575653076,-1.1669472455978394,-1.117598533630371,-1.0682498216629028,-1.0189011096954346,-0.9695523381233215,-0.9202036261558533,-0.870854914188385,-0.8215062022209167,-0.7721574902534485,-0.7228087782859802,-0.673460066318512,-0.6241113543510437,-0.5747626423835754,-0.5254139304161072,-0.47606518864631653,-0.42671647667884827,-0.37736776471138,-0.32801905274391174,-0.2786703407764435,-0.22932162880897522,-0.17997290194034576,-0.1306241899728775,-0.08127547800540924,-0.03192675858736038,0.017421957105398178,0.06677067279815674,0.116119384765625,0.16546809673309326,0.21481682360172272,0.2641655206680298,0.31351426243782043,0.3628629744052887,0.41221168637275696,0.4615603983402252,0.5109091401100159,0.5602578520774841,0.6096065640449524,0.6589552760124207,0.7083039879798889,0.7576526999473572,0.8070014119148254,0.8563501238822937,0.905698835849762,0.9550475478172302,1.0043963193893433,1.0537450313568115,1.1030937433242798,1.152442455291748,1.2017911672592163,1.2511398792266846,1.3004885911941528,1.349837303161621,1.3991860151290894,1.4485347270965576,1.4978834390640259,1.5472321510314941,1.5965808629989624,1.6459295749664307],"_type":"histogram"},"parameters/embedding.weight":{"values":[1,0,0,0,0,1,1,2,6,5,11,14,32,59,127,307,543,1098,2359,4517,9184,18293,35390,66676,121082,207522,333112,501597,701760,910444,1.094429e+06,1.21238e+06,1.242417e+06,1.170949e+06,1.021306e+06,822557,614326,427533,276807,167846,96263,53092,27889,14496,7404,3678,1864,879,466,232,110,58,35,15,12,6,1,2,2,1,1,0,0,1],"bins":[-10.119301795959473,-9.805907249450684,-9.492511749267578,-9.179117202758789,-8.86572265625,-8.552327156066895,-8.238932609558105,-7.925537586212158,-7.612142562866211,-7.298748016357422,-6.985352993011475,-6.671957969665527,-6.358563423156738,-6.045168399810791,-5.731773376464844,-5.418378829956055,-5.104983806610107,-4.79158878326416,-4.478194236755371,-4.164799213409424,-3.8514041900634766,-3.5380094051361084,-3.2246146202087402,-2.911219596862793,-2.597824811935425,-2.2844300270080566,-1.9710350036621094,-1.6576402187347412,-1.3442453145980835,-1.0308504104614258,-0.7174555659294128,-0.4040606915950775,-0.09066581726074219,0.22272905707359314,0.5361239314079285,0.8495187759399414,1.1629136800765991,1.4763085842132568,1.789703369140625,2.1030983924865723,2.4164931774139404,2.7298879623413086,3.043282985687256,3.356677770614624,3.670072555541992,3.9834675788879395,4.296862602233887,4.610257148742676,4.923652172088623,5.23704719543457,5.550441741943359,5.863836765289307,6.177231788635254,6.490626335144043,6.80402135848999,7.1174163818359375,7.430810928344727,7.744205951690674,8.057600975036621,8.37099552154541,8.684391021728516,8.997785568237305,9.311180114746094,9.6245756149292,9.937970161437988],"_type":"histogram"},"_wandb":{"runtime":345},"_step":5,"parameters/graph_1transform.bias":{"_type":"histogram","values":[1,0,0,0,0,0,0,0,0,1,0,0,0,1,0,0,0,0,0,0,0,0,0,0,0,0,1,0,1,4,4,2,3,2,3,4,2,4,2,3,3,5,1,5,4,2,8,5,6,4,5,1,2,1,1,1,1,2,2,1,1,0,0,1],"bins":[-2.215404510498047,-2.1641476154327393,-2.1128907203674316,-2.061633825302124,-2.0103766918182373,-1.9591199159622192,-1.907862901687622,-1.8566060066223145,-1.8053491115570068,-1.7540920972824097,-1.702835202217102,-1.6515783071517944,-1.6003214120864868,-1.5490643978118896,-1.497807502746582,-1.4465506076812744,-1.3952937126159668,-1.3440366983413696,-1.292779803276062,-1.2415229082107544,-1.1902658939361572,-1.1390089988708496,-1.087752103805542,-1.0364952087402344,-0.9852381944656372,-0.9339812994003296,-0.8827243447303772,-0.8314674496650696,-0.7802104949951172,-0.7289535999298096,-0.6776966452598572,-0.6264397501945496,-0.5751827955245972,-0.5239258408546448,-0.47266894578933716,-0.42141202092170715,-0.37015509605407715,-0.31889814138412476,-0.26764121651649475,-0.21638429164886475,-0.16512736678123474,-0.11387044191360474,-0.06261350959539413,-0.011356581002473831,0.03990034759044647,0.09115727245807648,0.14241421222686768,0.19367113709449768,0.24492806196212769,0.2961849868297577,0.3474419116973877,0.3986988365650177,0.4499557614326477,0.5012127161026001,0.5524696111679077,0.6037265658378601,0.6549835205078125,0.7062404155731201,0.7574973702430725,0.8087542653083801,0.8600112199783325,0.9112681150436401,0.9625250697135925,1.013782024383545,1.0650389194488525]},