{"dataset_size":575739,"_runtime":233.717894,"batch_loss":0.18232709169387817,"batch":49262,"num_batches":17992,"_wandb":{"runtime":234},"parameters/graph_1transform.bias":{"values":[1,0,0,0,0,0,0,1,0,0,1,0,0,0,0,0,0,0,0,1,0,0,0,1,1,6,5,3,7,3,7,10,6,7,3,5,5,5,3,3,2,4,2,1,0,2,1,0,0,1,1,0,0,0,0,0,0,1,0,0,0,0,0,1],"bins":[-1.6693257093429565,-1.6201175451278687,-1.5709095001220703,-1.5217013359069824,-1.4724931716918945,-1.4232851266860962,-1.3740769624710083,-1.3248687982559204,-1.275660753250122,-1.2264525890350342,-1.1772444248199463,-1.128036379814148,-1.07882821559906,-1.0296200513839722,-0.9804120063781738,-0.9312038421630859,-0.8819957375526428,-0.8327876329421997,-0.7835794687271118,-0.7343713641166687,-0.6851632595062256,-0.6359550952911377,-0.5867469906806946,-0.5375388860702515,-0.48833075165748596,-0.43912261724472046,-0.38991451263427734,-0.34070637822151184,-0.29149824380874634,-0.24229013919830322,-0.19308200478553772,-0.1438738852739334,-0.0946657657623291,-0.045457642525434494,0.0037504807114601135,0.05295860394835472,0.10216672718524933,0.15137484669685364,0.20058298110961914,0.24979110062122345,0.29899922013282776,0.34820735454559326,0.3974154591560364,0.4466235935688019,0.4958317279815674,0.5450398325920105,0.5942479372024536,0.6434561014175415,0.6926642060279846,0.7418723106384277,0.7910804748535156,0.8402885794639587,0.8894966840744019,0.9387048482894897,0.9879129528999329,1.037121057510376,1.0863292217254639,1.1355372667312622,1.18474543094635,1.233953595161438,1.2831616401672363,1.3323698043823242,1.381577968597412,1.4307860136032104,1.4799941778182983],"_type":"histogram"},"_step":49264,"gradients/graph_1transform.weight":{"values":[1,0,0,0,0,2,0,0,0,0,0,1,1,1,0,1,2,7,5,5,6,5,8,15,18,30,56,88,191,394,674,1091,1668,1859,1501,1099,535,306,175,94,57,29,25,19,4,6,4,2,5,1,1,1,0,0,2,1,1,0,2,0,0,0,0,1],"bins":[-0.005845891311764717,-0.005670951679348946,-0.005496012046933174,-0.005321072414517403,-0.005146132782101631,-0.004971192684024572,-0.004796253051608801,-0.004621313419193029,-0.004446373786777258,-0.0042714341543614864,-0.004096494521945715,-0.0039215548895299435,-0.0037466150242835283,-0.003571675391867757,-0.0033967355266213417,-0.0032217958942055702,-0.0030468562617897987,-0.0028719166293740273,-0.0026969769969582558,-0.0025220371317118406,-0.002347097499296069,-0.0021721578668802977,-0.0019972180016338825,-0.001822278369218111,-0.0016473387368023396,-0.001472399104386568,-0.0012974593555554748,-0.0011225196067243814,-0.00094757997430861,-0.0007726402836851776,-0.0005977005930617452,-0.00042276090243831277,-0.0002478216774761677,-7.288198685273528e-05,0.00010205770377069712,0.0002769973943941295,0.0004519370850175619,0.0006268767756409943,0.0008018164662644267,0.00097675621509552,0.0011516958475112915,0.001326635479927063,0.0015015752287581563,0.0016765149775892496,0.001851454610005021,0.0020263942424207926,0.0022013341076672077,0.002376273740082979,0.0025512133724987507,0.002726153004914522,0.0029010926373302937,0.003076032502576709,0.0032509721349924803,0.0034259117674082518,0.003600851632654667,0.0037757912650704384,0.00395073089748621,0.004125670529901981,0.004300610162317753,0.004475549794733524,0.004650489427149296,0.004825429525226355,0.005000369157642126,0.005175308790057898,0.005350248422473669],"_type":"histogram"},"gradients/transform.bias":{"values":[1,0,0,0,2,0,1,0,0,0,0,0,0,1,1,0,1,3,0,1,0,3,2,2,3,2,4,2,2,2,3,4,1,6,3,4,4,5,2,2,3,1,3,2,3,1,3,1,2,1,3,3,0,1,1,0,1,2,0,0,1,0,0,1],"bins":[-0.00230873329564929,-0.0022442894987761974,-0.002179845469072461,-0.0021154016721993685,-0.002050957642495632,-0.0019865138456225395,-0.0019220698159188032,-0.0018576259026303887,-0.0017931819893419743,-0.0017287381924688816,-0.0016642942791804671,-0.0015998503658920527,-0.0015354064526036382,-0.0014709625393152237,-0.0014065186260268092,-0.0013420747127383947,-0.0012776307994499803,-0.0012131868861615658,-0.0011487429728731513,-0.0010842990595847368,-0.0010198551462963223,-0.0009554112912155688,-0.0008909673779271543,-0.0008265234646387398,-0.0007620795513503253,-0.0006976356380619109,-0.0006331917247734964,-0.0005687478114850819,-0.0005043039564043283,-0.0004398600140120834,-0.0003754161298274994,-0.0003109722165390849,-0.00024652830325067043,-0.00018208438996225595,-0.0001176404912257567,-5.319658521329984e-05,1.1247320799157023e-05,7.569122681161389e-05,0.00014013513282407075,0.00020457903156057,0.0002690229448489845,0.00033346685813739896,0.00039791077142581344,0.00046235465561039746,0.0005267985397949815,0.000591242453083396,0.0006556863663718104,0.0007201302796602249,0.0007845741929486394,0.0008490181062370539,0.0009134620195254683,0.0009779059328138828,0.0010423498461022973,0.0011067937593907118,0.0011712376726791263,0.0012356815859675407,0.0013001253828406334,0.0013645692961290479,0.0014290132094174623,0.0014934571227058768,0.0015579010359942913,0.0016223449492827058,0.0016867888625711203,0.0017512327758595347,0.0018156766891479492],"_type":"histogram"},"loss_improvement_percent":3.5535907695034155,"parameters/transform.weight":{"_type":"histogram","values":[1,1,2,0,0,0,0,0,0,0,1,3,4,5,5,11,7,10,21,21,28,42,41,59,68,94,117,171,211,264,434,624,1006,1245,1386,1225,853,602,369,273,186,140,109,69,67,46,56,30,18,18,12,15,9,6,4,3,3,2,2,0,0,0,0,1],"bins":[-2.619879722595215,-2.5436360836029053,-2.4673924446105957,-2.391148567199707,-2.3149049282073975,-2.238661289215088,-2.162417411804199,-2.0861737728118896,-2.00993013381958,-1.9336864948272705,-1.8574427366256714,-1.7811989784240723,-1.7049553394317627,-1.6287117004394531,-1.552467942237854,-1.4762241840362549,-1.3999805450439453,-1.3237369060516357,-1.2474931478500366,-1.1712493896484375,-1.095005750656128,-1.0187621116638184,-0.9425183534622192,-0.8662746548652649,-0.7900309562683105,-0.7137872576713562,-0.6375435590744019,-0.5612998604774475,-0.48505616188049316,-0.4088124632835388,-0.3325687646865845,-0.2563250660896301,-0.18008136749267578,-0.10383766889572144,-0.02759397029876709,0.048649728298187256,0.1248934268951416,0.20113712549209595,0.2773808240890503,0.35362452268600464,0.429868221282959,0.5061119198799133,0.5823556184768677,0.658599317073822,0.7348430156707764,0.8110867142677307,0.8873304128646851,0.9635741114616394,1.0398178100585938,1.1160614490509033,1.1923052072525024,1.2685489654541016,1.3447926044464111,1.4210362434387207,1.4972800016403198,1.573523759841919,1.6497673988342285,1.726011037826538,1.8022547960281372,1.8784985542297363,1.954742193222046,2.0309858322143555,2.107229709625244,2.1834733486175537,2.2597169876098633]},"epoch":3,"loss_improvement":0.006139440232164839,"parameters/graph_1embedding.weight":{"values":[1,0,0,0,0,1,1,2,6,5,11,14,32,59,127,307,543,1098,2359,4517,9184,18293,35390,66676,121082,207522,333112,501597,701760,910444,1.094429e+06,1.21238e+06,1.242417e+06,1.170949e+06,1.021306e+06,822557,614326,427533,276807,167846,96263,53092,27889,14496,7404,3678,1864,879,466,232,110,58,35,15,12,6,1,2,2,1,1,0,0,1],