{"num_batches":17992,"_timestamp":1.745251327799982e+09,"_runtime":2.969083,"_step":0,"_wandb":{"runtime":3},"dataset_size":575739}