{"num_batches":17992,"_timestamp":1.745250663672543e+09,"_runtime":3.823619,"_step":0,"dataset_size":575739,"_wandb":{"runtime":6}}