{"gradients/transform.bias":{"bins":[-0.0011879877420142293,-0.00114509928971529,-0.001102210721001029,-0.0010593222687020898,-0.0010164336999878287,-0.0009735452476888895,-0.0009306567371822894,-0.0008877682266756892,-0.00084487977437675,-0.0008019912638701499,-0.0007591027533635497,-0.0007162142428569496,-0.0006733257323503494,-0.0006304372218437493,-0.0005875487695448101,-0.0005446602590382099,-0.0005017717485316098,-0.00045888323802500963,-0.00041599475662223995,-0.0003731062461156398,-0.0003302177647128701,-0.00028732925420627,-0.00024444074369966984,-0.00020155224774498492,-0.0001586637517903,-0.0001157752558356151,-7.288675260497257e-05,-2.999825301230885e-05,1.289024658035487e-05,5.577874617301859e-05,9.866724576568231e-05,0.00014155574899632484,0.00018444424495100975,0.00022733274090569466,0.0002702212368603796,0.0003131097473669797,0.0003559982287697494,0.00039888673927634954,0.0004417752497829497,0.00048466373118571937,0.0005275522125884891,0.0005704407230950892,0.0006133292336016893,0.0006562177441082895,0.0006991062546148896,0.0007419947651214898,0.000784883217420429,0.0008277717279270291,0.0008706602384336293,0.0009135487489402294,0.0009564372594468296,0.0009993257699534297,0.001042214222252369,0.00108510279096663,0.0011279912432655692,0.0011708796955645084,0.0012137682642787695,0.0012566567165777087,0.0012995452852919698,0.001342433737590909,0.0013853221898898482,0.0014282107586041093,0.0014710992109030485,0.0015139877796173096,0.0015568762319162488],"_type":"histogram","values":[2,0,1,0,0,2,4,0,2,0,2,2,2,1,2,1,4,4,0,2,4,5,3,2,2,2,1,4,2,0,3,3,3,3,2,4,1,0,3,0,3,3,1,2,0,1,1,3,1,0,2,0,0,0,0,0,0,0,0,0,2,1,1,1]},"epoch":1,"gradients/graph_1transform.bias":{"values":[1,2,0,0,1,4,2,0,0,2,1,2,1,4,2,2,0,1,4,1,5,3,3,0,4,2,8,3,2,3,1,1,0,2,1,0,3,4,4,1,4,1,1,0,2,0,1,0,1,1,0,1,1,1,1,0,0,1,1,0,1,0,0,2],"bins":[-0.0009620664641261101,-0.0009239349165000021,-0.0008858033106662333,-0.0008476717630401254,-0.0008095402154140174,-0.0007714086095802486,-0.0007332770619541407,-0.0006951455143280327,-0.0006570139667019248,-0.000618882360868156,-0.000580750813242048,-0.0005426192656159401,-0.0005044876597821712,-0.0004663561121560633,-0.00042822453542612493,-0.000390092987800017,-0.0003519614110700786,-0.0003138298343401402,-0.0002756982867140323,-0.0002375667099840939,-0.00019943514780607074,-0.00016130358562804759,-0.0001231720088981092,-8.504044672008604e-05,-4.690888454206288e-05,-8.777318726060912e-06,2.9354247089941055e-05,6.748581654392183e-05,0.00010561737872194499,0.00014374894089996815,0.00018188051762990654,0.0002200120798079297,0.00025814364198595285,0.00029627521871589124,0.0003344067663419992,0.00037253834307193756,0.0004106698906980455,0.0004488014674279839,0.00048693304415792227,0.0005250645917840302,0.0005631961394101381,0.000601327745243907,0.0006394592928700149,0.0006775908404961228,0.0007157224463298917,0.0007538539939559996,0.0007919855415821075,0.0008301171474158764,0.0008682486950419843,0.0009063802426680923,0.0009445118485018611,0.0009826433379203081,0.001020774943754077,0.0010589065495878458,0.0010970380390062928,0.0011351696448400617,0.0011733012506738305,0.0012114327400922775,0.0012495643459260464,0.0012876959517598152,0.0013258274411782622,0.001363959047012031,0.0014020906528458,0.001440222142264247,0.0014783537480980158],"_type":"histogram"},"parameters/graph_1transform.bias":{"values":[1,0,0,0,0,1,0,0,0,0,0,0,0,2,0,0,0,0,0,0,0,0,1,1,1,0,1,0,0,1,0,3,8,2,5,4,2,8,4,5,7,2,4,1,7,3,4,7,4,2,3,1,1,2,0,0,1,0,0,0,0,0,0,1],"bins":[-1.0150349140167236,-0.9894387125968933,-0.963842511177063,-0.9382463693618774,-0.9126501679420471,-0.8870539665222168,-0.8614578247070312,-0.8358616232872009,-0.8102654218673706,-0.7846692204475403,-0.75907301902771,-0.7334768772125244,-0.7078806757926941,-0.6822844743728638,-0.6566883325576782,-0.6310921311378479,-0.6054959297180176,-0.5798997282981873,-0.5543035268783569,-0.5287073850631714,-0.5031111836433411,-0.47751498222351074,-0.4519188106060028,-0.4263226389884949,-0.40072643756866455,-0.37513023614883423,-0.3495340645313263,-0.32393789291381836,-0.29834169149398804,-0.2727454900741577,-0.24714931845664978,-0.22155313193798065,-0.1959570050239563,-0.17036081850528717,-0.14476463198661804,-0.11916844546794891,-0.09357225894927979,-0.06797607243061066,-0.04237988591194153,-0.0167836993932724,0.008812487125396729,0.03440867364406586,0.060004860162734985,0.08560104668140411,0.11119723320007324,0.13679341971874237,0.1623896062374115,0.18798579275608063,0.21358197927474976,0.23917816579341888,0.264774352312088,0.29037052392959595,0.31596672534942627,0.3415629267692566,0.3671590983867645,0.39275527000427246,0.4183514714241028,0.4439476728439331,0.46954384446144104,0.495140016078949,0.5207362174987793,0.5463324189186096,0.5719286203384399,0.5975247621536255,0.6231209635734558],"_type":"histogram"},"loss":0.17280174762452838,"num_batches":17992,"_wandb":{"runtime":80},"_step":2,"_timestamp":1.745251871440341e+09,"dataset_size":575739,"parameters/graph_1embedding.weight":{"bins":[-10.119301795959473,-9.805907249450684,-9.492511749267578,-9.179117202758789,-8.86572265625,-8.552327156066895,-8.238932609558105,-7.925537586212158,-7.612142562866211,-7.298748016357422,-6.985352993011475,-6.671957969665527,-6.358563423156738,-6.045168399810791,-5.731773376464844,-5.418378829956055,-5.104983806610107,-4.79158878326416,-4.478194236755371,-4.164799213409424,-3.8514041900634766,-3.5380094051361084,-3.2246146202087402,-2.911219596862793,-2.597824811935425,-2.2844300270080566,-1.9710350036621094,-1.6576402187347412,-1.3442453145980835,-1.0308504104614258,-0.7174555659294128,-0.4040606915950775,-0.09066581726074219,0.22272905707359314,0.5361239314079285,0.8495187759399414,1.1629136800765991,1.4763085842132568,1.789703369140625,2.1030983924865723,2.4164931774139404,2.7298879623413086,3.043282985687256,3.356677770614624,3.670072555541992,3.9834675788879395,4.296862602233887,4.610257148742676,4.923652172088623,5.23704719543457,5.550441741943359,5.863836765289307,6.177231788635254,6.490626335144043,6.80402135848999,7.1174163818359375,7.430810928344727,7.744205951690674,8.057600975036621,8.37099552154541,8.684391021728516,8.997785568237305,9.311180114746094,9.6245756149292,9.937970161437988],"_type":"histogram","values":[1,0,0,0,0,1,1,2,6,5,11,14,32,59,127,307,543,1098,2359,4517,9184,18293,35390,66676,121082,207522,333112,501597,701760,910444,1.094429e+06,1.21238e+06,1.242417e+06,1.170949e+06,1.021306e+06,822557,614326,427533,276807,167846,96263,53092,27889,14496,7404,3678,1864,879,466,232,110,58,35,15,12,6,1,2,2,1,1,0,0,1]},"_runtime":80.624931,